"Country or Area","Year","Area","Sex","Age","Record Type","Reliability","Source Year","Value","Value Footnotes"
"Cameroon","2005","Total","Both Sexes","Total","Census - de jure - complete tabulation","Final figure, complete","2013","17463836",""
"Cameroon","2005","Total","Both Sexes","0","Census - de jure - complete tabulation","Final figure, complete","2013","681044",""
"Cameroon","2005","Total","Both Sexes","0 - 4","Census - de jure - complete tabulation","Final figure, complete","2013","2951848",""
"Cameroon","2005","Total","Both Sexes","1","Census - de jure - complete tabulation","Final figure, complete","2013","620509",""
"Cameroon","2005","Total","Both Sexes","2","Census - de jure - complete tabulation","Final figure, complete","2013","565377",""
"Cameroon","2005","Total","Both Sexes","3","Census - de jure - complete tabulation","Final figure, complete","2013","553522",""
"Cameroon","2005","Total","Both Sexes","4","Census - de jure - complete tabulation","Final figure, complete","2013","531396",""
"Cameroon","2005","Total","Both Sexes","5","Census - de jure - complete tabulation","Final figure, complete","2013","571498",""
"Cameroon","2005","Total","Both Sexes","5 - 9","Census - de jure - complete tabulation","Final figure, complete","2013","2504901",""
"Cameroon","2005","Total","Both Sexes","6","Census - de jure - complete tabulation","Final figure, complete","2013","513354",""
"Cameroon","2005","Total","Both Sexes","7","Census - de jure - complete tabulation","Final figure, complete","2013","497990",""
"Cameroon","2005","Total","Both Sexes","8","Census - de jure - complete tabulation","Final figure, complete","2013","505841",""
"Cameroon","2005","Total","Both Sexes","9","Census - de jure - complete tabulation","Final figure, complete","2013","416218",""
"Cameroon","2005","Total","Both Sexes","10","Census - de jure - complete tabulation","Final figure, complete","2013","524639",""
"Cameroon","2005","Total","Both Sexes","10 - 14","Census - de jure - complete tabulation","Final figure, complete","2013","2161608",""
"Cameroon","2005","Total","Both Sexes","11","Census - de jure - complete tabulation","Final figure, complete","2013","367953",""
"Cameroon","2005","Total","Both Sexes","12","Census - de jure - complete tabulation","Final figure, complete","2013","471507",""
"Cameroon","2005","Total","Both Sexes","13","Census - de jure - complete tabulation","Final figure, complete","2013","423832",""
"Cameroon","2005","Total","Both Sexes","14","Census - de jure - complete tabulation","Final figure, complete","2013","373677",""
"Cameroon","2005","Total","Both Sexes","15","Census - de jure - complete tabulation","Final figure, complete","2013","473887",""
"Cameroon","2005","Total","Both Sexes","15 - 19","Census - de jure - complete tabulation","Final figure, complete","2013","1956647",""
"Cameroon","2005","Total","Both Sexes","16","Census - de jure - complete tabulation","Final figure, complete","2013","367836",""
"Cameroon","2005","Total","Both Sexes","17","Census - de jure - complete tabulation","Final figure, complete","2013","368795",""
"Cameroon","2005","Total","Both Sexes","18","Census - de jure - complete tabulation","Final figure, complete","2013","425166",""
"Cameroon","2005","Total","Both Sexes","19","Census - de jure - complete tabulation","Final figure, complete","2013","320963",""
"Cameroon","2005","Total","Both Sexes","20","Census - de jure - complete tabulation","Final figure, complete","2013","493293",""
"Cameroon","2005","Total","Both Sexes","20 - 24","Census - de jure - complete tabulation","Final figure, complete","2013","1650049",""
"Cameroon","2005","Total","Both Sexes","21","Census - de jure - complete tabulation","Final figure, complete","2013","288848",""
"Cameroon","2005","Total","Both Sexes","22","Census - de jure - complete tabulation","Final figure, complete","2013","320197",""
"Cameroon","2005","Total","Both Sexes","23","Census - de jure - complete tabulation","Final figure, complete","2013","315008",""
"Cameroon","2005","Total","Both Sexes","24","Census - de jure - complete tabulation","Final figure, complete","2013","232703",""
"Cameroon","2005","Total","Both Sexes","25","Census - de jure - complete tabulation","Final figure, complete","2013","431752",""
"Cameroon","2005","Total","Both Sexes","25 - 29","Census - de jure - complete tabulation","Final figure, complete","2013","1368560",""
"Cameroon","2005","Total","Both Sexes","26","Census - de jure - complete tabulation","Final figure, complete","2013","233772",""
"Cameroon","2005","Total","Both Sexes","27","Census - de jure - complete tabulation","Final figure, complete","2013","251871",""
"Cameroon","2005","Total","Both Sexes","28","Census - de jure - complete tabulation","Final figure, complete","2013","256747",""
"Cameroon","2005","Total","Both Sexes","29","Census - de jure - complete tabulation","Final figure, complete","2013","194418",""
"Cameroon","2005","Total","Both Sexes","30","Census - de jure - complete tabulation","Final figure, complete","2013","417839",""
"Cameroon","2005","Total","Both Sexes","30 - 34","Census - de jure - complete tabulation","Final figure, complete","2013","1086007",""
"Cameroon","2005","Total","Both Sexes","31","Census - de jure - complete tabulation","Final figure, complete","2013","163112",""
"Cameroon","2005","Total","Both Sexes","32","Census - de jure - complete tabulation","Final figure, complete","2013","199823",""
"Cameroon","2005","Total","Both Sexes","33","Census - de jure - complete tabulation","Final figure, complete","2013","176846",""
"Cameroon","2005","Total","Both Sexes","34","Census - de jure - complete tabulation","Final figure, complete","2013","128387",""
"Cameroon","2005","Total","Both Sexes","35","Census - de jure - complete tabulation","Final figure, complete","2013","308913",""
"Cameroon","2005","Total","Both Sexes","35 - 39","Census - de jure - complete tabulation","Final figure, complete","2013","847768",""
"Cameroon","2005","Total","Both Sexes","36","Census - de jure - complete tabulation","Final figure, complete","2013","137735",""
"Cameroon","2005","Total","Both Sexes","37","Census - de jure - complete tabulation","Final figure, complete","2013","142454",""
"Cameroon","2005","Total","Both Sexes","38","Census - de jure - complete tabulation","Final figure, complete","2013","144169",""
"Cameroon","2005","Total","Both Sexes","39","Census - de jure - complete tabulation","Final figure, complete","2013","114497",""
"Cameroon","2005","Total","Both Sexes","40","Census - de jure - complete tabulation","Final figure, complete","2013","292737",""
"Cameroon","2005","Total","Both Sexes","40 - 44","Census - de jure - complete tabulation","Final figure, complete","2013","713376",""
"Cameroon","2005","Total","Both Sexes","41","Census - de jure - complete tabulation","Final figure, complete","2013","104503",""
"Cameroon","2005","Total","Both Sexes","42","Census - de jure - complete tabulation","Final figure, complete","2013","124842",""
"Cameroon","2005","Total","Both Sexes","43","Census - de jure - complete tabulation","Final figure, complete","2013","112701",""
"Cameroon","2005","Total","Both Sexes","44","Census - de jure - complete tabulation","Final figure, complete","2013","78593",""
"Cameroon","2005","Total","Both Sexes","45","Census - de jure - complete tabulation","Final figure, complete","2013","217384",""
"Cameroon","2005","Total","Both Sexes","45 - 49","Census - de jure - complete tabulation","Final figure, complete","2013","576662",""
"Cameroon","2005","Total","Both Sexes","46","Census - de jure - complete tabulation","Final figure, complete","2013","89389",""
"Cameroon","2005","Total","Both Sexes","47","Census - de jure - complete tabulation","Final figure, complete","2013","98562",""
"Cameroon","2005","Total","Both Sexes","48","Census - de jure - complete tabulation","Final figure, complete","2013","92823",""
"Cameroon","2005","Total","Both Sexes","49","Census - de jure - complete tabulation","Final figure, complete","2013","78504",""
"Cameroon","2005","Total","Both Sexes","50","Census - de jure - complete tabulation","Final figure, complete","2013","202311",""
"Cameroon","2005","Total","Both Sexes","50 - 54","Census - de jure - complete tabulation","Final figure, complete","2013","470027",""
"Cameroon","2005","Total","Both Sexes","51","Census - de jure - complete tabulation","Final figure, complete","2013","69988",""
"Cameroon","2005","Total","Both Sexes","52","Census - de jure - complete tabulation","Final figure, complete","2013","75026",""
"Cameroon","2005","Total","Both Sexes","53","Census - de jure - complete tabulation","Final figure, complete","2013","71917",""
"Cameroon","2005","Total","Both Sexes","54","Census - de jure - complete tabulation","Final figure, complete","2013","50785",""
"Cameroon","2005","Total","Both Sexes","55","Census - de jure - complete tabulation","Final figure, complete","2013","112203",""
"Cameroon","2005","Total","Both Sexes","55 - 59","Census - de jure - complete tabulation","Final figure, complete","2013","305741",""
"Cameroon","2005","Total","Both Sexes","56","Census - de jure - complete tabulation","Final figure, complete","2013","54536",""
"Cameroon","2005","Total","Both Sexes","57","Census - de jure - complete tabulation","Final figure, complete","2013","52776",""
"Cameroon","2005","Total","Both Sexes","58","Census - de jure - complete tabulation","Final figure, complete","2013","47919",""
"Cameroon","2005","Total","Both Sexes","59","Census - de jure - complete tabulation","Final figure, complete","2013","38307",""
"Cameroon","2005","Total","Both Sexes","60","Census - de jure - complete tabulation","Final figure, complete","2013","145480",""
"Cameroon","2005","Total","Both Sexes","60 - 64","Census - de jure - complete tabulation","Final figure, complete","2013","285354",""
"Cameroon","2005","Total","Both Sexes","61","Census - de jure - complete tabulation","Final figure, complete","2013","35501",""
"Cameroon","2005","Total","Both Sexes","62","Census - de jure - complete tabulation","Final figure, complete","2013","37782",""
"Cameroon","2005","Total","Both Sexes","63","Census - de jure - complete tabulation","Final figure, complete","2013","40841",""
"Cameroon","2005","Total","Both Sexes","64","Census - de jure - complete tabulation","Final figure, complete","2013","25750",""
"Cameroon","2005","Total","Both Sexes","65","Census - de jure - complete tabulation","Final figure, complete","2013","86523",""
"Cameroon","2005","Total","Both Sexes","65 - 69","Census - de jure - complete tabulation","Final figure, complete","2013","206489",""
"Cameroon","2005","Total","Both Sexes","66","Census - de jure - complete tabulation","Final figure, complete","2013","30535",""
"Cameroon","2005","Total","Both Sexes","67","Census - de jure - complete tabulation","Final figure, complete","2013","34001",""
"Cameroon","2005","Total","Both Sexes","68","Census - de jure - complete tabulation","Final figure, complete","2013","30657",""
"Cameroon","2005","Total","Both Sexes","69","Census - de jure - complete tabulation","Final figure, complete","2013","24773",""
"Cameroon","2005","Total","Both Sexes","70","Census - de jure - complete tabulation","Final figure, complete","2013","99306",""
"Cameroon","2005","Total","Both Sexes","70 - 74","Census - de jure - complete tabulation","Final figure, complete","2013","171498",""
"Cameroon","2005","Total","Both Sexes","71","Census - de jure - complete tabulation","Final figure, complete","2013","18146",""
"Cameroon","2005","Total","Both Sexes","72","Census - de jure - complete tabulation","Final figure, complete","2013","22292",""
"Cameroon","2005","Total","Both Sexes","73","Census - de jure - complete tabulation","Final figure, complete","2013","20717",""
"Cameroon","2005","Total","Both Sexes","74","Census - de jure - complete tabulation","Final figure, complete","2013","11037",""
"Cameroon","2005","Total","Both Sexes","75","Census - de jure - complete tabulation","Final figure, complete","2013","46957",""
"Cameroon","2005","Total","Both Sexes","75 - 79","Census - de jure - complete tabulation","Final figure, complete","2013","89291",""
"Cameroon","2005","Total","Both Sexes","76","Census - de jure - complete tabulation","Final figure, complete","2013","11951",""
"Cameroon","2005","Total","Both Sexes","77","Census - de jure - complete tabulation","Final figure, complete","2013","11082",""
"Cameroon","2005","Total","Both Sexes","78","Census - de jure - complete tabulation","Final figure, complete","2013","11994",""
"Cameroon","2005","Total","Both Sexes","79","Census - de jure - complete tabulation","Final figure, complete","2013","7307",""
"Cameroon","2005","Total","Both Sexes","80","Census - de jure - complete tabulation","Final figure, complete","2013","43863",""
"Cameroon","2005","Total","Both Sexes","80 - 84","Census - de jure - complete tabulation","Final figure, complete","2013","64668",""
"Cameroon","2005","Total","Both Sexes","81","Census - de jure - complete tabulation","Final figure, complete","2013","5890",""
"Cameroon","2005","Total","Both Sexes","82","Census - de jure - complete tabulation","Final figure, complete","2013","6301",""
"Cameroon","2005","Total","Both Sexes","83","Census - de jure - complete tabulation","Final figure, complete","2013","5201",""
"Cameroon","2005","Total","Both Sexes","84","Census - de jure - complete tabulation","Final figure, complete","2013","3413",""
"Cameroon","2005","Total","Both Sexes","85","Census - de jure - complete tabulation","Final figure, complete","2013","14277",""
"Cameroon","2005","Total","Both Sexes","85 - 89","Census - de jure - complete tabulation","Final figure, complete","2013","24177",""
"Cameroon","2005","Total","Both Sexes","86","Census - de jure - complete tabulation","Final figure, complete","2013","2833",""
"Cameroon","2005","Total","Both Sexes","87","Census - de jure - complete tabulation","Final figure, complete","2013","3086",""
"Cameroon","2005","Total","Both Sexes","88","Census - de jure - complete tabulation","Final figure, complete","2013","2054",""
"Cameroon","2005","Total","Both Sexes","89","Census - de jure - complete tabulation","Final figure, complete","2013","1927",""
"Cameroon","2005","Total","Both Sexes","90","Census - de jure - complete tabulation","Final figure, complete","2013","9848",""
"Cameroon","2005","Total","Both Sexes","90 - 94","Census - de jure - complete tabulation","Final figure, complete","2013","14122",""
"Cameroon","2005","Total","Both Sexes","91","Census - de jure - complete tabulation","Final figure, complete","2013","1566",""
"Cameroon","2005","Total","Both Sexes","92","Census - de jure - complete tabulation","Final figure, complete","2013","1205",""
"Cameroon","2005","Total","Both Sexes","93","Census - de jure - complete tabulation","Final figure, complete","2013","885",""
"Cameroon","2005","Total","Both Sexes","94","Census - de jure - complete tabulation","Final figure, complete","2013","618",""
"Cameroon","2005","Total","Both Sexes","95 +","Census - de jure - complete tabulation","Final figure, complete","2013","15043",""
"Cameroon","2005","Total","Male","Total","Census - de jure - complete tabulation","Final figure, complete","2013","8632036",""
"Cameroon","2005","Total","Male","0","Census - de jure - complete tabulation","Final figure, complete","2013","343296",""
"Cameroon","2005","Total","Male","0 - 4","Census - de jure - complete tabulation","Final figure, complete","2013","1492147",""
"Cameroon","2005","Total","Male","1","Census - de jure - complete tabulation","Final figure, complete","2013","315096",""
"Cameroon","2005","Total","Male","2","Census - de jure - complete tabulation","Final figure, complete","2013","286550",""
"Cameroon","2005","Total","Male","3","Census - de jure - complete tabulation","Final figure, complete","2013","278196",""
"Cameroon","2005","Total","Male","4","Census - de jure - complete tabulation","Final figure, complete","2013","269009",""
"Cameroon","2005","Total","Male","5","Census - de jure - complete tabulation","Final figure, complete","2013","291725",""
"Cameroon","2005","Total","Male","5 - 9","Census - de jure - complete tabulation","Final figure, complete","2013","1270842",""
"Cameroon","2005","Total","Male","6","Census - de jure - complete tabulation","Final figure, complete","2013","260364",""
"Cameroon","2005","Total","Male","7","Census - de jure - complete tabulation","Final figure, complete","2013","253220",""
"Cameroon","2005","Total","Male","8","Census - de jure - complete tabulation","Final figure, complete","2013","254410",""
"Cameroon","2005","Total","Male","9","Census - de jure - complete tabulation","Final figure, complete","2013","211123",""
"Cameroon","2005","Total","Male","10","Census - de jure - complete tabulation","Final figure, complete","2013","272066",""
"Cameroon","2005","Total","Male","10 - 14","Census - de jure - complete tabulation","Final figure, complete","2013","1107718",""
"Cameroon","2005","Total","Male","11","Census - de jure - complete tabulation","Final figure, complete","2013","189852",""
"Cameroon","2005","Total","Male","12","Census - de jure - complete tabulation","Final figure, complete","2013","243352",""
"Cameroon","2005","Total","Male","13","Census - de jure - complete tabulation","Final figure, complete","2013","214447",""
"Cameroon","2005","Total","Male","14","Census - de jure - complete tabulation","Final figure, complete","2013","188001",""
"Cameroon","2005","Total","Male","15","Census - de jure - complete tabulation","Final figure, complete","2013","244496",""
"Cameroon","2005","Total","Male","15 - 19","Census - de jure - complete tabulation","Final figure, complete","2013","963639",""
"Cameroon","2005","Total","Male","16","Census - de jure - complete tabulation","Final figure, complete","2013","181462",""
"Cameroon","2005","Total","Male","17","Census - de jure - complete tabulation","Final figure, complete","2013","180855",""
"Cameroon","2005","Total","Male","18","Census - de jure - complete tabulation","Final figure, complete","2013","203437",""
"Cameroon","2005","Total","Male","19","Census - de jure - complete tabulation","Final figure, complete","2013","153389",""
"Cameroon","2005","Total","Male","20","Census - de jure - complete tabulation","Final figure, complete","2013","223754",""
"Cameroon","2005","Total","Male","20 - 24","Census - de jure - complete tabulation","Final figure, complete","2013","767928",""
"Cameroon","2005","Total","Male","21","Census - de jure - complete tabulation","Final figure, complete","2013","138281",""
"Cameroon","2005","Total","Male","22","Census - de jure - complete tabulation","Final figure, complete","2013","148277",""
"Cameroon","2005","Total","Male","23","Census - de jure - complete tabulation","Final figure, complete","2013","148486",""
"Cameroon","2005","Total","Male","24","Census - de jure - complete tabulation","Final figure, complete","2013","109130",""
"Cameroon","2005","Total","Male","25","Census - de jure - complete tabulation","Final figure, complete","2013","191264",""
"Cameroon","2005","Total","Male","25 - 29","Census - de jure - complete tabulation","Final figure, complete","2013","638765",""
"Cameroon","2005","Total","Male","26","Census - de jure - complete tabulation","Final figure, complete","2013","109392",""
"Cameroon","2005","Total","Male","27","Census - de jure - complete tabulation","Final figure, complete","2013","120310",""
"Cameroon","2005","Total","Male","28","Census - de jure - complete tabulation","Final figure, complete","2013","121517",""
"Cameroon","2005","Total","Male","29","Census - de jure - complete tabulation","Final figure, complete","2013","96282",""
"Cameroon","2005","Total","Male","30","Census - de jure - complete tabulation","Final figure, complete","2013","190933",""
"Cameroon","2005","Total","Male","30 - 34","Census - de jure - complete tabulation","Final figure, complete","2013","527529",""
"Cameroon","2005","Total","Male","31","Census - de jure - complete tabulation","Final figure, complete","2013","82220",""
"Cameroon","2005","Total","Male","32","Census - de jure - complete tabulation","Final figure, complete","2013","99552",""
"Cameroon","2005","Total","Male","33","Census - de jure - complete tabulation","Final figure, complete","2013","89453",""
"Cameroon","2005","Total","Male","34","Census - de jure - complete tabulation","Final figure, complete","2013","65371",""
"Cameroon","2005","Total","Male","35","Census - de jure - complete tabulation","Final figure, complete","2013","147842",""
"Cameroon","2005","Total","Male","35 - 39","Census - de jure - complete tabulation","Final figure, complete","2013","413432",""
"Cameroon","2005","Total","Male","36","Census - de jure - complete tabulation","Final figure, complete","2013","67626",""
"Cameroon","2005","Total","Male","37","Census - de jure - complete tabulation","Final figure, complete","2013","70691",""
"Cameroon","2005","Total","Male","38","Census - de jure - complete tabulation","Final figure, complete","2013","69769",""
"Cameroon","2005","Total","Male","39","Census - de jure - complete tabulation","Final figure, complete","2013","57504",""
"Cameroon","2005","Total","Male","40","Census - de jure - complete tabulation","Final figure, complete","2013","132399",""
"Cameroon","2005","Total","Male","40 - 44","Census - de jure - complete tabulation","Final figure, complete","2013","348534",""
"Cameroon","2005","Total","Male","41","Census - de jure - complete tabulation","Final figure, complete","2013","53506",""
"Cameroon","2005","Total","Male","42","Census - de jure - complete tabulation","Final figure, complete","2013","64129",""
"Cameroon","2005","Total","Male","43","Census - de jure - complete tabulation","Final figure, complete","2013","57843",""
"Cameroon","2005","Total","Male","44","Census - de jure - complete tabulation","Final figure, complete","2013","40657",""
"Cameroon","2005","Total","Male","45","Census - de jure - complete tabulation","Final figure, complete","2013","106222",""
"Cameroon","2005","Total","Male","45 - 49","Census - de jure - complete tabulation","Final figure, complete","2013","290515",""
"Cameroon","2005","Total","Male","46","Census - de jure - complete tabulation","Final figure, complete","2013","46016",""
"Cameroon","2005","Total","Male","47","Census - de jure - complete tabulation","Final figure, complete","2013","51003",""
"Cameroon","2005","Total","Male","48","Census - de jure - complete tabulation","Final figure, complete","2013","47210",""
"Cameroon","2005","Total","Male","49","Census - de jure - complete tabulation","Final figure, complete","2013","40064",""
"Cameroon","2005","Total","Male","50","Census - de jure - complete tabulation","Final figure, complete","2013","92210",""
"Cameroon","2005","Total","Male","50 - 54","Census - de jure - complete tabulation","Final figure, complete","2013","235024",""
"Cameroon","2005","Total","Male","51","Census - de jure - complete tabulation","Final figure, complete","2013","37000",""
"Cameroon","2005","Total","Male","52","Census - de jure - complete tabulation","Final figure, complete","2013","39784",""
"Cameroon","2005","Total","Male","53","Census - de jure - complete tabulation","Final figure, complete","2013","38408",""
"Cameroon","2005","Total","Male","54","Census - de jure - complete tabulation","Final figure, complete","2013","27622",""
"Cameroon","2005","Total","Male","55","Census - de jure - complete tabulation","Final figure, complete","2013","56511",""
"Cameroon","2005","Total","Male","55 - 59","Census - de jure - complete tabulation","Final figure, complete","2013","161120",""
"Cameroon","2005","Total","Male","56","Census - de jure - complete tabulation","Final figure, complete","2013","29848",""
"Cameroon","2005","Total","Male","57","Census - de jure - complete tabulation","Final figure, complete","2013","28417",""
"Cameroon","2005","Total","Male","58","Census - de jure - complete tabulation","Final figure, complete","2013","25455",""
"Cameroon","2005","Total","Male","59","Census - de jure - complete tabulation","Final figure, complete","2013","20889",""
"Cameroon","2005","Total","Male","60","Census - de jure - complete tabulation","Final figure, complete","2013","65445",""
"Cameroon","2005","Total","Male","60 - 64","Census - de jure - complete tabulation","Final figure, complete","2013","139764",""
"Cameroon","2005","Total","Male","61","Census - de jure - complete tabulation","Final figure, complete","2013","19402",""
"Cameroon","2005","Total","Male","62","Census - de jure - complete tabulation","Final figure, complete","2013","19686",""
"Cameroon","2005","Total","Male","63","Census - de jure - complete tabulation","Final figure, complete","2013","21237",""
"Cameroon","2005","Total","Male","64","Census - de jure - complete tabulation","Final figure, complete","2013","13994",""
"Cameroon","2005","Total","Male","65","Census - de jure - complete tabulation","Final figure, complete","2013","39440",""
"Cameroon","2005","Total","Male","65 - 69","Census - de jure - complete tabulation","Final figure, complete","2013","100090",""
"Cameroon","2005","Total","Male","66","Census - de jure - complete tabulation","Final figure, complete","2013","15974",""
"Cameroon","2005","Total","Male","67","Census - de jure - complete tabulation","Final figure, complete","2013","17158",""
"Cameroon","2005","Total","Male","68","Census - de jure - complete tabulation","Final figure, complete","2013","15001",""
"Cameroon","2005","Total","Male","69","Census - de jure - complete tabulation","Final figure, complete","2013","12517",""
"Cameroon","2005","Total","Male","70","Census - de jure - complete tabulation","Final figure, complete","2013","43181",""
"Cameroon","2005","Total","Male","70 - 74","Census - de jure - complete tabulation","Final figure, complete","2013","80293",""
"Cameroon","2005","Total","Male","71","Census - de jure - complete tabulation","Final figure, complete","2013","9203",""
"Cameroon","2005","Total","Male","72","Census - de jure - complete tabulation","Final figure, complete","2013","10926",""
"Cameroon","2005","Total","Male","73","Census - de jure - complete tabulation","Final figure, complete","2013","10797",""
"Cameroon","2005","Total","Male","74","Census - de jure - complete tabulation","Final figure, complete","2013","6186",""
"Cameroon","2005","Total","Male","75","Census - de jure - complete tabulation","Final figure, complete","2013","20998",""
"Cameroon","2005","Total","Male","75 - 79","Census - de jure - complete tabulation","Final figure, complete","2013","42836",""
"Cameroon","2005","Total","Male","76","Census - de jure - complete tabulation","Final figure, complete","2013","6363",""
"Cameroon","2005","Total","Male","77","Census - de jure - complete tabulation","Final figure, complete","2013","5739",""
"Cameroon","2005","Total","Male","78","Census - de jure - complete tabulation","Final figure, complete","2013","6010",""
"Cameroon","2005","Total","Male","79","Census - de jure - complete tabulation","Final figure, complete","2013","3726",""
"Cameroon","2005","Total","Male","80","Census - de jure - complete tabulation","Final figure, complete","2013","18235",""
"Cameroon","2005","Total","Male","80 - 84","Census - de jure - complete tabulation","Final figure, complete","2013","28500",""
"Cameroon","2005","Total","Male","81","Census - de jure - complete tabulation","Final figure, complete","2013","3015",""
"Cameroon","2005","Total","Male","82","Census - de jure - complete tabulation","Final figure, complete","2013","2923",""
"Cameroon","2005","Total","Male","83","Census - de jure - complete tabulation","Final figure, complete","2013","2588",""
"Cameroon","2005","Total","Male","84","Census - de jure - complete tabulation","Final figure, complete","2013","1739",""
"Cameroon","2005","Total","Male","85","Census - de jure - complete tabulation","Final figure, complete","2013","6120",""
"Cameroon","2005","Total","Male","85 - 89","Census - de jure - complete tabulation","Final figure, complete","2013","11007",""
"Cameroon","2005","Total","Male","86","Census - de jure - complete tabulation","Final figure, complete","2013","1443",""
"Cameroon","2005","Total","Male","87","Census - de jure - complete tabulation","Final figure, complete","2013","1542",""
"Cameroon","2005","Total","Male","88","Census - de jure - complete tabulation","Final figure, complete","2013","981",""
"Cameroon","2005","Total","Male","89","Census - de jure - complete tabulation","Final figure, complete","2013","921",""
"Cameroon","2005","Total","Male","90","Census - de jure - complete tabulation","Final figure, complete","2013","4284",""
"Cameroon","2005","Total","Male","90 - 94","Census - de jure - complete tabulation","Final figure, complete","2013","6228",""
"Cameroon","2005","Total","Male","91","Census - de jure - complete tabulation","Final figure, complete","2013","728",""
"Cameroon","2005","Total","Male","92","Census - de jure - complete tabulation","Final figure, complete","2013","528",""
"Cameroon","2005","Total","Male","93","Census - de jure - complete tabulation","Final figure, complete","2013","405",""
"Cameroon","2005","Total","Male","94","Census - de jure - complete tabulation","Final figure, complete","2013","283",""
"Cameroon","2005","Total","Male","95 +","Census - de jure - complete tabulation","Final figure, complete","2013","6125",""
"Cameroon","2005","Total","Female","Total","Census - de jure - complete tabulation","Final figure, complete","2013","8831800",""
"Cameroon","2005","Total","Female","0","Census - de jure - complete tabulation","Final figure, complete","2013","337748",""
"Cameroon","2005","Total","Female","0 - 4","Census - de jure - complete tabulation","Final figure, complete","2013","1459701",""
"Cameroon","2005","Total","Female","1","Census - de jure - complete tabulation","Final figure, complete","2013","305413",""
"Cameroon","2005","Total","Female","2","Census - de jure - complete tabulation","Final figure, complete","2013","278827",""
"Cameroon","2005","Total","Female","3","Census - de jure - complete tabulation","Final figure, complete","2013","275326",""
"Cameroon","2005","Total","Female","4","Census - de jure - complete tabulation","Final figure, complete","2013","262387",""
"Cameroon","2005","Total","Female","5","Census - de jure - complete tabulation","Final figure, complete","2013","279773",""
"Cameroon","2005","Total","Female","5 - 9","Census - de jure - complete tabulation","Final figure, complete","2013","1234059",""
"Cameroon","2005","Total","Female","6","Census - de jure - complete tabulation","Final figure, complete","2013","252990",""
"Cameroon","2005","Total","Female","7","Census - de jure - complete tabulation","Final figure, complete","2013","244770",""
"Cameroon","2005","Total","Female","8","Census - de jure - complete tabulation","Final figure, complete","2013","251431",""
"Cameroon","2005","Total","Female","9","Census - de jure - complete tabulation","Final figure, complete","2013","205095",""
"Cameroon","2005","Total","Female","10","Census - de jure - complete tabulation","Final figure, complete","2013","252573",""
"Cameroon","2005","Total","Female","10 - 14","Census - de jure - complete tabulation","Final figure, complete","2013","1053890",""
"Cameroon","2005","Total","Female","11","Census - de jure - complete tabulation","Final figure, complete","2013","178101",""
"Cameroon","2005","Total","Female","12","Census - de jure - complete tabulation","Final figure, complete","2013","228155",""
"Cameroon","2005","Total","Female","13","Census - de jure - complete tabulation","Final figure, complete","2013","209385",""
"Cameroon","2005","Total","Female","14","Census - de jure - complete tabulation","Final figure, complete","2013","185676",""
"Cameroon","2005","Total","Female","15","Census - de jure - complete tabulation","Final figure, complete","2013","229391",""
"Cameroon","2005","Total","Female","15 - 19","Census - de jure - complete tabulation","Final figure, complete","2013","993008",""
"Cameroon","2005","Total","Female","16","Census - de jure - complete tabulation","Final figure, complete","2013","186374",""
"Cameroon","2005","Total","Female","17","Census - de jure - complete tabulation","Final figure, complete","2013","187940",""
"Cameroon","2005","Total","Female","18","Census - de jure - complete tabulation","Final figure, complete","2013","221729",""
"Cameroon","2005","Total","Female","19","Census - de jure - complete tabulation","Final figure, complete","2013","167574",""
"Cameroon","2005","Total","Female","20","Census - de jure - complete tabulation","Final figure, complete","2013","269539",""
"Cameroon","2005","Total","Female","20 - 24","Census - de jure - complete tabulation","Final figure, complete","2013","882121",""
"Cameroon","2005","Total","Female","21","Census - de jure - complete tabulation","Final figure, complete","2013","150567",""
"Cameroon","2005","Total","Female","22","Census - de jure - complete tabulation","Final figure, complete","2013","171920",""
"Cameroon","2005","Total","Female","23","Census - de jure - complete tabulation","Final figure, complete","2013","166522",""
"Cameroon","2005","Total","Female","24","Census - de jure - complete tabulation","Final figure, complete","2013","123573",""
"Cameroon","2005","Total","Female","25","Census - de jure - complete tabulation","Final figure, complete","2013","240488",""
"Cameroon","2005","Total","Female","25 - 29","Census - de jure - complete tabulation","Final figure, complete","2013","729795",""
"Cameroon","2005","Total","Female","26","Census - de jure - complete tabulation","Final figure, complete","2013","124380",""
"Cameroon","2005","Total","Female","27","Census - de jure - complete tabulation","Final figure, complete","2013","131561",""
"Cameroon","2005","Total","Female","28","Census - de jure - complete tabulation","Final figure, complete","2013","135230",""
"Cameroon","2005","Total","Female","29","Census - de jure - complete tabulation","Final figure, complete","2013","98136",""
"Cameroon","2005","Total","Female","30","Census - de jure - complete tabulation","Final figure, complete","2013","226906",""
"Cameroon","2005","Total","Female","30 - 34","Census - de jure - complete tabulation","Final figure, complete","2013","558478",""
"Cameroon","2005","Total","Female","31","Census - de jure - complete tabulation","Final figure, complete","2013","80892",""
"Cameroon","2005","Total","Female","32","Census - de jure - complete tabulation","Final figure, complete","2013","100271",""
"Cameroon","2005","Total","Female","33","Census - de jure - complete tabulation","Final figure, complete","2013","87393",""
"Cameroon","2005","Total","Female","34","Census - de jure - complete tabulation","Final figure, complete","2013","63016",""
"Cameroon","2005","Total","Female","35","Census - de jure - complete tabulation","Final figure, complete","2013","161071",""
"Cameroon","2005","Total","Female","35 - 39","Census - de jure - complete tabulation","Final figure, complete","2013","434336",""
"Cameroon","2005","Total","Female","36","Census - de jure - complete tabulation","Final figure, complete","2013","70109",""
"Cameroon","2005","Total","Female","37","Census - de jure - complete tabulation","Final figure, complete","2013","71763",""
"Cameroon","2005","Total","Female","38","Census - de jure - complete tabulation","Final figure, complete","2013","74400",""
"Cameroon","2005","Total","Female","39","Census - de jure - complete tabulation","Final figure, complete","2013","56993",""
"Cameroon","2005","Total","Female","40","Census - de jure - complete tabulation","Final figure, complete","2013","160338",""
"Cameroon","2005","Total","Female","40 - 44","Census - de jure - complete tabulation","Final figure, complete","2013","364842",""
"Cameroon","2005","Total","Female","41","Census - de jure - complete tabulation","Final figure, complete","2013","50997",""
"Cameroon","2005","Total","Female","42","Census - de jure - complete tabulation","Final figure, complete","2013","60713",""
"Cameroon","2005","Total","Female","43","Census - de jure - complete tabulation","Final figure, complete","2013","54858",""
"Cameroon","2005","Total","Female","44","Census - de jure - complete tabulation","Final figure, complete","2013","37936",""
"Cameroon","2005","Total","Female","45","Census - de jure - complete tabulation","Final figure, complete","2013","111162",""
"Cameroon","2005","Total","Female","45 - 49","Census - de jure - complete tabulation","Final figure, complete","2013","286147",""
"Cameroon","2005","Total","Female","46","Census - de jure - complete tabulation","Final figure, complete","2013","43373",""
"Cameroon","2005","Total","Female","47","Census - de jure - complete tabulation","Final figure, complete","2013","47559",""
"Cameroon","2005","Total","Female","48","Census - de jure - complete tabulation","Final figure, complete","2013","45613",""
"Cameroon","2005","Total","Female","49","Census - de jure - complete tabulation","Final figure, complete","2013","38440",""
"Cameroon","2005","Total","Female","50","Census - de jure - complete tabulation","Final figure, complete","2013","110101",""
"Cameroon","2005","Total","Female","50 - 54","Census - de jure - complete tabulation","Final figure, complete","2013","235003",""
"Cameroon","2005","Total","Female","51","Census - de jure - complete tabulation","Final figure, complete","2013","32988",""
"Cameroon","2005","Total","Female","52","Census - de jure - complete tabulation","Final figure, complete","2013","35242",""
"Cameroon","2005","Total","Female","53","Census - de jure - complete tabulation","Final figure, complete","2013","33509",""
"Cameroon","2005","Total","Female","54","Census - de jure - complete tabulation","Final figure, complete","2013","23163",""
"Cameroon","2005","Total","Female","55","Census - de jure - complete tabulation","Final figure, complete","2013","55692",""
"Cameroon","2005","Total","Female","55 - 59","Census - de jure - complete tabulation","Final figure, complete","2013","144621",""
"Cameroon","2005","Total","Female","56","Census - de jure - complete tabulation","Final figure, complete","2013","24688",""
"Cameroon","2005","Total","Female","57","Census - de jure - complete tabulation","Final figure, complete","2013","24359",""
"Cameroon","2005","Total","Female","58","Census - de jure - complete tabulation","Final figure, complete","2013","22464",""
"Cameroon","2005","Total","Female","59","Census - de jure - complete tabulation","Final figure, complete","2013","17418",""
"Cameroon","2005","Total","Female","60","Census - de jure - complete tabulation","Final figure, complete","2013","80035",""
"Cameroon","2005","Total","Female","60 - 64","Census - de jure - complete tabulation","Final figure, complete","2013","145590",""
"Cameroon","2005","Total","Female","61","Census - de jure - complete tabulation","Final figure, complete","2013","16099",""
"Cameroon","2005","Total","Female","62","Census - de jure - complete tabulation","Final figure, complete","2013","18096",""
"Cameroon","2005","Total","Female","63","Census - de jure - complete tabulation","Final figure, complete","2013","19604",""
"Cameroon","2005","Total","Female","64","Census - de jure - complete tabulation","Final figure, complete","2013","11756",""
"Cameroon","2005","Total","Female","65","Census - de jure - complete tabulation","Final figure, complete","2013","47083",""
"Cameroon","2005","Total","Female","65 - 69","Census - de jure - complete tabulation","Final figure, complete","2013","106399",""
"Cameroon","2005","Total","Female","66","Census - de jure - complete tabulation","Final figure, complete","2013","14561",""
"Cameroon","2005","Total","Female","67","Census - de jure - complete tabulation","Final figure, complete","2013","16843",""
"Cameroon","2005","Total","Female","68","Census - de jure - complete tabulation","Final figure, complete","2013","15656",""
"Cameroon","2005","Total","Female","69","Census - de jure - complete tabulation","Final figure, complete","2013","12256",""
"Cameroon","2005","Total","Female","70","Census - de jure - complete tabulation","Final figure, complete","2013","56125",""
"Cameroon","2005","Total","Female","70 - 74","Census - de jure - complete tabulation","Final figure, complete","2013","91205",""
"Cameroon","2005","Total","Female","71","Census - de jure - complete tabulation","Final figure, complete","2013","8943",""
"Cameroon","2005","Total","Female","72","Census - de jure - complete tabulation","Final figure, complete","2013","11366",""
"Cameroon","2005","Total","Female","73","Census - de jure - complete tabulation","Final figure, complete","2013","9920",""
"Cameroon","2005","Total","Female","74","Census - de jure - complete tabulation","Final figure, complete","2013","4851",""
"Cameroon","2005","Total","Female","75","Census - de jure - complete tabulation","Final figure, complete","2013","25959",""
"Cameroon","2005","Total","Female","75 - 79","Census - de jure - complete tabulation","Final figure, complete","2013","46455",""
"Cameroon","2005","Total","Female","76","Census - de jure - complete tabulation","Final figure, complete","2013","5588",""
"Cameroon","2005","Total","Female","77","Census - de jure - complete tabulation","Final figure, complete","2013","5343",""
"Cameroon","2005","Total","Female","78","Census - de jure - complete tabulation","Final figure, complete","2013","5984",""
"Cameroon","2005","Total","Female","79","Census - de jure - complete tabulation","Final figure, complete","2013","3581",""
"Cameroon","2005","Total","Female","80","Census - de jure - complete tabulation","Final figure, complete","2013","25628",""
"Cameroon","2005","Total","Female","80 - 84","Census - de jure - complete tabulation","Final figure, complete","2013","36168",""
"Cameroon","2005","Total","Female","81","Census - de jure - complete tabulation","Final figure, complete","2013","2875",""
"Cameroon","2005","Total","Female","82","Census - de jure - complete tabulation","Final figure, complete","2013","3378",""
"Cameroon","2005","Total","Female","83","Census - de jure - complete tabulation","Final figure, complete","2013","2613",""
"Cameroon","2005","Total","Female","84","Census - de jure - complete tabulation","Final figure, complete","2013","1674",""
"Cameroon","2005","Total","Female","85","Census - de jure - complete tabulation","Final figure, complete","2013","8157",""
"Cameroon","2005","Total","Female","85 - 89","Census - de jure - complete tabulation","Final figure, complete","2013","13170",""
"Cameroon","2005","Total","Female","86","Census - de jure - complete tabulation","Final figure, complete","2013","1390",""
"Cameroon","2005","Total","Female","87","Census - de jure - complete tabulation","Final figure, complete","2013","1544",""
"Cameroon","2005","Total","Female","88","Census - de jure - complete tabulation","Final figure, complete","2013","1073",""
"Cameroon","2005","Total","Female","89","Census - de jure - complete tabulation","Final figure, complete","2013","1006",""
"Cameroon","2005","Total","Female","90","Census - de jure - complete tabulation","Final figure, complete","2013","5564",""
"Cameroon","2005","Total","Female","90 - 94","Census - de jure - complete tabulation","Final figure, complete","2013","7894",""
"Cameroon","2005","Total","Female","91","Census - de jure - complete tabulation","Final figure, complete","2013","838",""
"Cameroon","2005","Total","Female","92","Census - de jure - complete tabulation","Final figure, complete","2013","677",""
"Cameroon","2005","Total","Female","93","Census - de jure - complete tabulation","Final figure, complete","2013","480",""
"Cameroon","2005","Total","Female","94","Census - de jure - complete tabulation","Final figure, complete","2013","335",""
"Cameroon","2005","Total","Female","95 +","Census - de jure - complete tabulation","Final figure, complete","2013","8918",""
"Cameroon","2005","Urban","Both Sexes","Total","Census - de jure - complete tabulation","Final figure, complete","2013","8514938",""
"Cameroon","2005","Urban","Both Sexes","0 - 4","Census - de jure - complete tabulation","Final figure, complete","2013","1266753",""
"Cameroon","2005","Urban","Both Sexes","5 - 9","Census - de jure - complete tabulation","Final figure, complete","2013","1059035",""
"Cameroon","2005","Urban","Both Sexes","10 - 14","Census - de jure - complete tabulation","Final figure, complete","2013","1013456",""
"Cameroon","2005","Urban","Both Sexes","15 - 19","Census - de jure - complete tabulation","Final figure, complete","2013","1096260",""
"Cameroon","2005","Urban","Both Sexes","20 - 24","Census - de jure - complete tabulation","Final figure, complete","2013","971812",""
"Cameroon","2005","Urban","Both Sexes","25 - 29","Census - de jure - complete tabulation","Final figure, complete","2013","773656",""
"Cameroon","2005","Urban","Both Sexes","30 - 34","Census - de jure - complete tabulation","Final figure, complete","2013","588336",""
"Cameroon","2005","Urban","Both Sexes","35 - 39","Census - de jure - complete tabulation","Final figure, complete","2013","455295",""
"Cameroon","2005","Urban","Both Sexes","40 - 44","Census - de jure - complete tabulation","Final figure, complete","2013","364581",""
"Cameroon","2005","Urban","Both Sexes","45 - 49","Census - de jure - complete tabulation","Final figure, complete","2013","291912",""
"Cameroon","2005","Urban","Both Sexes","50 - 54","Census - de jure - complete tabulation","Final figure, complete","2013","214603",""
"Cameroon","2005","Urban","Both Sexes","55 - 59","Census - de jure - complete tabulation","Final figure, complete","2013","127992",""
"Cameroon","2005","Urban","Both Sexes","60 - 64","Census - de jure - complete tabulation","Final figure, complete","2013","101852",""
"Cameroon","2005","Urban","Both Sexes","65 - 69","Census - de jure - complete tabulation","Final figure, complete","2013","71860",""
"Cameroon","2005","Urban","Both Sexes","70 - 74","Census - de jure - complete tabulation","Final figure, complete","2013","54095",""
"Cameroon","2005","Urban","Both Sexes","75 - 79","Census - de jure - complete tabulation","Final figure, complete","2013","28893",""
"Cameroon","2005","Urban","Both Sexes","80 - 84","Census - de jure - complete tabulation","Final figure, complete","2013","19127",""
"Cameroon","2005","Urban","Both Sexes","85 - 89","Census - de jure - complete tabulation","Final figure, complete","2013","7426",""
"Cameroon","2005","Urban","Both Sexes","90 - 94","Census - de jure - complete tabulation","Final figure, complete","2013","4095",""
"Cameroon","2005","Urban","Both Sexes","95 +","Census - de jure - complete tabulation","Final figure, complete","2013","3899",""
"Cameroon","2005","Urban","Male","Total","Census - de jure - complete tabulation","Final figure, complete","2013","4276130",""
"Cameroon","2005","Urban","Male","0 - 4","Census - de jure - complete tabulation","Final figure, complete","2013","641744",""
"Cameroon","2005","Urban","Male","5 - 9","Census - de jure - complete tabulation","Final figure, complete","2013","533904",""
"Cameroon","2005","Urban","Male","10 - 14","Census - de jure - complete tabulation","Final figure, complete","2013","510450",""
"Cameroon","2005","Urban","Male","15 - 19","Census - de jure - complete tabulation","Final figure, complete","2013","548763",""
"Cameroon","2005","Urban","Male","20 - 24","Census - de jure - complete tabulation","Final figure, complete","2013","469728",""
"Cameroon","2005","Urban","Male","25 - 29","Census - de jure - complete tabulation","Final figure, complete","2013","377621",""
"Cameroon","2005","Urban","Male","30 - 34","Census - de jure - complete tabulation","Final figure, complete","2013","300465",""
"Cameroon","2005","Urban","Male","35 - 39","Census - de jure - complete tabulation","Final figure, complete","2013","231267",""
"Cameroon","2005","Urban","Male","40 - 44","Census - de jure - complete tabulation","Final figure, complete","2013","189090",""
"Cameroon","2005","Urban","Male","45 - 49","Census - de jure - complete tabulation","Final figure, complete","2013","154100",""
"Cameroon","2005","Urban","Male","50 - 54","Census - de jure - complete tabulation","Final figure, complete","2013","114218",""
"Cameroon","2005","Urban","Male","55 - 59","Census - de jure - complete tabulation","Final figure, complete","2013","69483",""
"Cameroon","2005","Urban","Male","60 - 64","Census - de jure - complete tabulation","Final figure, complete","2013","51216",""
"Cameroon","2005","Urban","Male","65 - 69","Census - de jure - complete tabulation","Final figure, complete","2013","34018",""
"Cameroon","2005","Urban","Male","70 - 74","Census - de jure - complete tabulation","Final figure, complete","2013","23767",""
"Cameroon","2005","Urban","Male","75 - 79","Census - de jure - complete tabulation","Final figure, complete","2013","12990",""
"Cameroon","2005","Urban","Male","80 - 84","Census - de jure - complete tabulation","Final figure, complete","2013","7545",""
"Cameroon","2005","Urban","Male","85 - 89","Census - de jure - complete tabulation","Final figure, complete","2013","3009",""
"Cameroon","2005","Urban","Male","90 - 94","Census - de jure - complete tabulation","Final figure, complete","2013","1461",""
"Cameroon","2005","Urban","Male","95 +","Census - de jure - complete tabulation","Final figure, complete","2013","1291",""
"Cameroon","2005","Urban","Female","Total","Census - de jure - complete tabulation","Final figure, complete","2013","4238808",""
"Cameroon","2005","Urban","Female","0 - 4","Census - de jure - complete tabulation","Final figure, complete","2013","625009",""
"Cameroon","2005","Urban","Female","5 - 9","Census - de jure - complete tabulation","Final figure, complete","2013","525131",""
"Cameroon","2005","Urban","Female","10 - 14","Census - de jure - complete tabulation","Final figure, complete","2013","503006",""
"Cameroon","2005","Urban","Female","15 - 19","Census - de jure - complete tabulation","Final figure, complete","2013","547497",""
"Cameroon","2005","Urban","Female","20 - 24","Census - de jure - complete tabulation","Final figure, complete","2013","502084",""
"Cameroon","2005","Urban","Female","25 - 29","Census - de jure - complete tabulation","Final figure, complete","2013","396035",""
"Cameroon","2005","Urban","Female","30 - 34","Census - de jure - complete tabulation","Final figure, complete","2013","287871",""
"Cameroon","2005","Urban","Female","35 - 39","Census - de jure - complete tabulation","Final figure, complete","2013","224028",""
"Cameroon","2005","Urban","Female","40 - 44","Census - de jure - complete tabulation","Final figure, complete","2013","175491",""
"Cameroon","2005","Urban","Female","45 - 49","Census - de jure - complete tabulation","Final figure, complete","2013","137812",""
"Cameroon","2005","Urban","Female","50 - 54","Census - de jure - complete tabulation","Final figure, complete","2013","100385",""
"Cameroon","2005","Urban","Female","55 - 59","Census - de jure - complete tabulation","Final figure, complete","2013","58509",""
"Cameroon","2005","Urban","Female","60 - 64","Census - de jure - complete tabulation","Final figure, complete","2013","50636",""
"Cameroon","2005","Urban","Female","65 - 69","Census - de jure - complete tabulation","Final figure, complete","2013","37842",""
"Cameroon","2005","Urban","Female","70 - 74","Census - de jure - complete tabulation","Final figure, complete","2013","30328",""
"Cameroon","2005","Urban","Female","75 - 79","Census - de jure - complete tabulation","Final figure, complete","2013","15903",""
"Cameroon","2005","Urban","Female","80 - 84","Census - de jure - complete tabulation","Final figure, complete","2013","11582",""
"Cameroon","2005","Urban","Female","85 - 89","Census - de jure - complete tabulation","Final figure, complete","2013","4417",""
"Cameroon","2005","Urban","Female","90 - 94","Census - de jure - complete tabulation","Final figure, complete","2013","2634",""
"Cameroon","2005","Urban","Female","95 +","Census - de jure - complete tabulation","Final figure, complete","2013","2608",""
"Cameroon","2005","Rural","Both Sexes","Total","Census - de jure - complete tabulation","Final figure, complete","2013","8948898",""
"Cameroon","2005","Rural","Both Sexes","0 - 4","Census - de jure - complete tabulation","Final figure, complete","2013","1685095",""
"Cameroon","2005","Rural","Both Sexes","5 - 9","Census - de jure - complete tabulation","Final figure, complete","2013","1445866",""
"Cameroon","2005","Rural","Both Sexes","10 - 14","Census - de jure - complete tabulation","Final figure, complete","2013","1148152",""
"Cameroon","2005","Rural","Both Sexes","15 - 19","Census - de jure - complete tabulation","Final figure, complete","2013","860387",""
"Cameroon","2005","Rural","Both Sexes","20 - 24","Census - de jure - complete tabulation","Final figure, complete","2013","678237",""
"Cameroon","2005","Rural","Both Sexes","25 - 29","Census - de jure - complete tabulation","Final figure, complete","2013","594904",""
"Cameroon","2005","Rural","Both Sexes","30 - 34","Census - de jure - complete tabulation","Final figure, complete","2013","497671",""
"Cameroon","2005","Rural","Both Sexes","35 - 39","Census - de jure - complete tabulation","Final figure, complete","2013","392473",""
"Cameroon","2005","Rural","Both Sexes","40 - 44","Census - de jure - complete tabulation","Final figure, complete","2013","348795",""
"Cameroon","2005","Rural","Both Sexes","45 - 49","Census - de jure - complete tabulation","Final figure, complete","2013","284750",""
"Cameroon","2005","Rural","Both Sexes","50 - 54","Census - de jure - complete tabulation","Final figure, complete","2013","255424",""
"Cameroon","2005","Rural","Both Sexes","55 - 59","Census - de jure - complete tabulation","Final figure, complete","2013","177749",""
"Cameroon","2005","Rural","Both Sexes","60 - 64","Census - de jure - complete tabulation","Final figure, complete","2013","183502",""
"Cameroon","2005","Rural","Both Sexes","65 - 69","Census - de jure - complete tabulation","Final figure, complete","2013","134629",""
"Cameroon","2005","Rural","Both Sexes","70 - 74","Census - de jure - complete tabulation","Final figure, complete","2013","117403",""
"Cameroon","2005","Rural","Both Sexes","75 - 79","Census - de jure - complete tabulation","Final figure, complete","2013","60398",""
"Cameroon","2005","Rural","Both Sexes","80 - 84","Census - de jure - complete tabulation","Final figure, complete","2013","45541",""
"Cameroon","2005","Rural","Both Sexes","85 - 89","Census - de jure - complete tabulation","Final figure, complete","2013","16751",""
"Cameroon","2005","Rural","Both Sexes","90 - 94","Census - de jure - complete tabulation","Final figure, complete","2013","10027",""
"Cameroon","2005","Rural","Both Sexes","95 +","Census - de jure - complete tabulation","Final figure, complete","2013","11144",""
"Cameroon","2005","Rural","Male","Total","Census - de jure - complete tabulation","Final figure, complete","2013","4355906",""
"Cameroon","2005","Rural","Male","0 - 4","Census - de jure - complete tabulation","Final figure, complete","2013","850403",""
"Cameroon","2005","Rural","Male","5 - 9","Census - de jure - complete tabulation","Final figure, complete","2013","736938",""
"Cameroon","2005","Rural","Male","10 - 14","Census - de jure - complete tabulation","Final figure, complete","2013","597268",""
"Cameroon","2005","Rural","Male","15 - 19","Census - de jure - complete tabulation","Final figure, complete","2013","414876",""
"Cameroon","2005","Rural","Male","20 - 24","Census - de jure - complete tabulation","Final figure, complete","2013","298200",""
"Cameroon","2005","Rural","Male","25 - 29","Census - de jure - complete tabulation","Final figure, complete","2013","261144",""
"Cameroon","2005","Rural","Male","30 - 34","Census - de jure - complete tabulation","Final figure, complete","2013","227064",""
"Cameroon","2005","Rural","Male","35 - 39","Census - de jure - complete tabulation","Final figure, complete","2013","182165",""
"Cameroon","2005","Rural","Male","40 - 44","Census - de jure - complete tabulation","Final figure, complete","2013","159444",""
"Cameroon","2005","Rural","Male","45 - 49","Census - de jure - complete tabulation","Final figure, complete","2013","136415",""
"Cameroon","2005","Rural","Male","50 - 54","Census - de jure - complete tabulation","Final figure, complete","2013","120806",""
"Cameroon","2005","Rural","Male","55 - 59","Census - de jure - complete tabulation","Final figure, complete","2013","91637",""
"Cameroon","2005","Rural","Male","60 - 64","Census - de jure - complete tabulation","Final figure, complete","2013","88548",""
"Cameroon","2005","Rural","Male","65 - 69","Census - de jure - complete tabulation","Final figure, complete","2013","66072",""
"Cameroon","2005","Rural","Male","70 - 74","Census - de jure - complete tabulation","Final figure, complete","2013","56526",""
"Cameroon","2005","Rural","Male","75 - 79","Census - de jure - complete tabulation","Final figure, complete","2013","29846",""
"Cameroon","2005","Rural","Male","80 - 84","Census - de jure - complete tabulation","Final figure, complete","2013","20955",""
"Cameroon","2005","Rural","Male","85 - 89","Census - de jure - complete tabulation","Final figure, complete","2013","7998",""
"Cameroon","2005","Rural","Male","90 - 94","Census - de jure - complete tabulation","Final figure, complete","2013","4767",""
"Cameroon","2005","Rural","Male","95 +","Census - de jure - complete tabulation","Final figure, complete","2013","4834",""
"Cameroon","2005","Rural","Female","Total","Census - de jure - complete tabulation","Final figure, complete","2013","4592992",""
"Cameroon","2005","Rural","Female","0 - 4","Census - de jure - complete tabulation","Final figure, complete","2013","834692",""
"Cameroon","2005","Rural","Female","5 - 9","Census - de jure - complete tabulation","Final figure, complete","2013","708928",""
"Cameroon","2005","Rural","Female","10 - 14","Census - de jure - complete tabulation","Final figure, complete","2013","550884",""
"Cameroon","2005","Rural","Female","15 - 19","Census - de jure - complete tabulation","Final figure, complete","2013","445511",""
"Cameroon","2005","Rural","Female","20 - 24","Census - de jure - complete tabulation","Final figure, complete","2013","380037",""
"Cameroon","2005","Rural","Female","25 - 29","Census - de jure - complete tabulation","Final figure, complete","2013","333760",""
"Cameroon","2005","Rural","Female","30 - 34","Census - de jure - complete tabulation","Final figure, complete","2013","270607",""
"Cameroon","2005","Rural","Female","35 - 39","Census - de jure - complete tabulation","Final figure, complete","2013","210308",""
"Cameroon","2005","Rural","Female","40 - 44","Census - de jure - complete tabulation","Final figure, complete","2013","189351",""
"Cameroon","2005","Rural","Female","45 - 49","Census - de jure - complete tabulation","Final figure, complete","2013","148335",""
"Cameroon","2005","Rural","Female","50 - 54","Census - de jure - complete tabulation","Final figure, complete","2013","134618",""
"Cameroon","2005","Rural","Female","55 - 59","Census - de jure - complete tabulation","Final figure, complete","2013","86112",""
"Cameroon","2005","Rural","Female","60 - 64","Census - de jure - complete tabulation","Final figure, complete","2013","94954",""
"Cameroon","2005","Rural","Female","65 - 69","Census - de jure - complete tabulation","Final figure, complete","2013","68557",""
"Cameroon","2005","Rural","Female","70 - 74","Census - de jure - complete tabulation","Final figure, complete","2013","60877",""
"Cameroon","2005","Rural","Female","75 - 79","Census - de jure - complete tabulation","Final figure, complete","2013","30552",""
"Cameroon","2005","Rural","Female","80 - 84","Census - de jure - complete tabulation","Final figure, complete","2013","24586",""
"Cameroon","2005","Rural","Female","85 - 89","Census - de jure - complete tabulation","Final figure, complete","2013","8753",""
"Cameroon","2005","Rural","Female","90 - 94","Census - de jure - complete tabulation","Final figure, complete","2013","5260",""
"Cameroon","2005","Rural","Female","95 +","Census - de jure - complete tabulation","Final figure, complete","2013","6310",""
"Cameroon","1976","Total","Both Sexes","Total","Census - de jure - complete tabulation","Final figure, complete","1978","7131833","1"
"Cameroon","1976","Total","Both Sexes","0","Census - de jure - complete tabulation","Final figure, complete","1978","249465","1"
"Cameroon","1976","Total","Both Sexes","1 - 4","Census - de jure - complete tabulation","Final figure, complete","1978","966336","1"
"Cameroon","1976","Total","Both Sexes","5 - 9","Census - de jure - complete tabulation","Final figure, complete","1978","1076271","1"
"Cameroon","1976","Total","Both Sexes","10 - 14","Census - de jure - complete tabulation","Final figure, complete","1978","802347","1"
"Cameroon","1976","Total","Both Sexes","15 - 19","Census - de jure - complete tabulation","Final figure, complete","1978","687891","1"
"Cameroon","1976","Total","Both Sexes","20 - 24","Census - de jure - complete tabulation","Final figure, complete","1978","550541","1"
"Cameroon","1976","Total","Both Sexes","25 - 29","Census - de jure - complete tabulation","Final figure, complete","1978","495316","1"
"Cameroon","1976","Total","Both Sexes","30 - 34","Census - de jure - complete tabulation","Final figure, complete","1978","421914","1"
"Cameroon","1976","Total","Both Sexes","35 - 39","Census - de jure - complete tabulation","Final figure, complete","1978","416578","1"
"Cameroon","1976","Total","Both Sexes","40 - 44","Census - de jure - complete tabulation","Final figure, complete","1978","341953","1"
"Cameroon","1976","Total","Both Sexes","45 - 49","Census - de jure - complete tabulation","Final figure, complete","1978","294715","1"
"Cameroon","1976","Total","Both Sexes","50 - 54","Census - de jure - complete tabulation","Final figure, complete","1978","236132","1"
"Cameroon","1976","Total","Both Sexes","55 - 59","Census - de jure - complete tabulation","Final figure, complete","1978","177997","1"
"Cameroon","1976","Total","Both Sexes","60 - 64","Census - de jure - complete tabulation","Final figure, complete","1978","150795","1"
"Cameroon","1976","Total","Both Sexes","65 - 69","Census - de jure - complete tabulation","Final figure, complete","1978","83131","1"
"Cameroon","1976","Total","Both Sexes","70 - 74","Census - de jure - complete tabulation","Final figure, complete","1978","73307","1"
"Cameroon","1976","Total","Both Sexes","75 - 79","Census - de jure - complete tabulation","Final figure, complete","1978","39309","1"
"Cameroon","1976","Total","Both Sexes","80 - 84","Census - de jure - complete tabulation","Final figure, complete","1978","30034","1"
"Cameroon","1976","Total","Both Sexes","85 +","Census - de jure - complete tabulation","Final figure, complete","1978","34045","1"
"Cameroon","1976","Total","Both Sexes","Unknown","Census - de jure - complete tabulation","Final figure, complete","1978","3756","1"
"Cameroon","1976","Total","Male","Total","Census - de jure - complete tabulation","Final figure, complete","1978","3491433","1"
"Cameroon","1976","Total","Male","0","Census - de jure - complete tabulation","Final figure, complete","1978","125349","1"
"Cameroon","1976","Total","Male","1 - 4","Census - de jure - complete tabulation","Final figure, complete","1978","485632","1"
"Cameroon","1976","Total","Male","5 - 9","Census - de jure - complete tabulation","Final figure, complete","1978","543506","1"
"Cameroon","1976","Total","Male","10 - 14","Census - de jure - complete tabulation","Final figure, complete","1978","423169","1"
"Cameroon","1976","Total","Male","15 - 19","Census - de jure - complete tabulation","Final figure, complete","1978","335324","1"
"Cameroon","1976","Total","Male","20 - 24","Census - de jure - complete tabulation","Final figure, complete","1978","252827","1"
"Cameroon","1976","Total","Male","25 - 29","Census - de jure - complete tabulation","Final figure, complete","1978","222434","1"
"Cameroon","1976","Total","Male","30 - 34","Census - de jure - complete tabulation","Final figure, complete","1978","189011","1"
"Cameroon","1976","Total","Male","35 - 39","Census - de jure - complete tabulation","Final figure, complete","1978","192647","1"
"Cameroon","1976","Total","Male","40 - 44","Census - de jure - complete tabulation","Final figure, complete","1978","162181","1"
"Cameroon","1976","Total","Male","45 - 49","Census - de jure - complete tabulation","Final figure, complete","1978","145654","1"
"Cameroon","1976","Total","Male","50 - 54","Census - de jure - complete tabulation","Final figure, complete","1978","116995","1"
"Cameroon","1976","Total","Male","55 - 59","Census - de jure - complete tabulation","Final figure, complete","1978","90785","1"
"Cameroon","1976","Total","Male","60 - 64","Census - de jure - complete tabulation","Final figure, complete","1978","75546","1"
"Cameroon","1976","Total","Male","65 - 69","Census - de jure - complete tabulation","Final figure, complete","1978","42292","1"
"Cameroon","1976","Total","Male","70 - 74","Census - de jure - complete tabulation","Final figure, complete","1978","34947","1"
"Cameroon","1976","Total","Male","75 - 79","Census - de jure - complete tabulation","Final figure, complete","1978","19490","1"
"Cameroon","1976","Total","Male","80 - 84","Census - de jure - complete tabulation","Final figure, complete","1978","14280","1"
"Cameroon","1976","Total","Male","85 +","Census - de jure - complete tabulation","Final figure, complete","1978","17403","1"
"Cameroon","1976","Total","Male","Unknown","Census - de jure - complete tabulation","Final figure, complete","1978","1961","1"
"Cameroon","1976","Total","Female","Total","Census - de jure - complete tabulation","Final figure, complete","1978","3640400","1"
"Cameroon","1976","Total","Female","0","Census - de jure - complete tabulation","Final figure, complete","1978","124116","1"
"Cameroon","1976","Total","Female","1 - 4","Census - de jure - complete tabulation","Final figure, complete","1978","480704","1"
"Cameroon","1976","Total","Female","5 - 9","Census - de jure - complete tabulation","Final figure, complete","1978","532765","1"
"Cameroon","1976","Total","Female","10 - 14","Census - de jure - complete tabulation","Final figure, complete","1978","379178","1"
"Cameroon","1976","Total","Female","15 - 19","Census - de jure - complete tabulation","Final figure, complete","1978","352567","1"
"Cameroon","1976","Total","Female","20 - 24","Census - de jure - complete tabulation","Final figure, complete","1978","297714","1"
"Cameroon","1976","Total","Female","25 - 29","Census - de jure - complete tabulation","Final figure, complete","1978","272882","1"
"Cameroon","1976","Total","Female","30 - 34","Census - de jure - complete tabulation","Final figure, complete","1978","232903","1"
"Cameroon","1976","Total","Female","35 - 39","Census - de jure - complete tabulation","Final figure, complete","1978","223931","1"
"Cameroon","1976","Total","Female","40 - 44","Census - de jure - complete tabulation","Final figure, complete","1978","179772","1"
"Cameroon","1976","Total","Female","45 - 49","Census - de jure - complete tabulation","Final figure, complete","1978","149061","1"
"Cameroon","1976","Total","Female","50 - 54","Census - de jure - complete tabulation","Final figure, complete","1978","119137","1"
"Cameroon","1976","Total","Female","55 - 59","Census - de jure - complete tabulation","Final figure, complete","1978","87212","1"
"Cameroon","1976","Total","Female","60 - 64","Census - de jure - complete tabulation","Final figure, complete","1978","75249","1"
"Cameroon","1976","Total","Female","65 - 69","Census - de jure - complete tabulation","Final figure, complete","1978","40839","1"
"Cameroon","1976","Total","Female","70 - 74","Census - de jure - complete tabulation","Final figure, complete","1978","38360","1"
"Cameroon","1976","Total","Female","75 - 79","Census - de jure - complete tabulation","Final figure, complete","1978","19819","1"
"Cameroon","1976","Total","Female","80 - 84","Census - de jure - complete tabulation","Final figure, complete","1978","15754","1"
"Cameroon","1976","Total","Female","85 +","Census - de jure - complete tabulation","Final figure, complete","1978","16642","1"
"Cameroon","1976","Total","Female","Unknown","Census - de jure - complete tabulation","Final figure, complete","1978","1795","1"
"Cameroon","1976","Urban","Both Sexes","Total","Census - de jure - complete tabulation","Final figure, complete","1978","2005223","1"
"Cameroon","1976","Urban","Both Sexes","0","Census - de jure - complete tabulation","Final figure, complete","1978","79433","1"
"Cameroon","1976","Urban","Both Sexes","1 - 4","Census - de jure - complete tabulation","Final figure, complete","1978","268794","1"
"Cameroon","1976","Urban","Both Sexes","5 - 9","Census - de jure - complete tabulation","Final figure, complete","1978","281316","1"
"Cameroon","1976","Urban","Both Sexes","10 - 14","Census - de jure - complete tabulation","Final figure, complete","1978","228861","1"
"Cameroon","1976","Urban","Both Sexes","15 - 19","Census - de jure - complete tabulation","Final figure, complete","1978","242559","1"
"Cameroon","1976","Urban","Both Sexes","20 - 24","Census - de jure - complete tabulation","Final figure, complete","1978","213029","1"
"Cameroon","1976","Urban","Both Sexes","25 - 29","Census - de jure - complete tabulation","Final figure, complete","1978","162995","1"
"Cameroon","1976","Urban","Both Sexes","30 - 34","Census - de jure - complete tabulation","Final figure, complete","1978","123606","1"
"Cameroon","1976","Urban","Both Sexes","35 - 39","Census - de jure - complete tabulation","Final figure, complete","1978","117287","1"
"Cameroon","1976","Urban","Both Sexes","40 - 44","Census - de jure - complete tabulation","Final figure, complete","1978","83271","1"
"Cameroon","1976","Urban","Both Sexes","45 - 49","Census - de jure - complete tabulation","Final figure, complete","1978","69035","1"
"Cameroon","1976","Urban","Both Sexes","50 - 54","Census - de jure - complete tabulation","Final figure, complete","1978","45019","1"
"Cameroon","1976","Urban","Both Sexes","55 - 59","Census - de jure - complete tabulation","Final figure, complete","1978","32253","1"
"Cameroon","1976","Urban","Both Sexes","60 - 64","Census - de jure - complete tabulation","Final figure, complete","1978","22442","1"
"Cameroon","1976","Urban","Both Sexes","65 - 69","Census - de jure - complete tabulation","Final figure, complete","1978","12195","1"
"Cameroon","1976","Urban","Both Sexes","70 - 74","Census - de jure - complete tabulation","Final figure, complete","1978","9356","1"
"Cameroon","1976","Urban","Both Sexes","75 - 79","Census - de jure - complete tabulation","Final figure, complete","1978","5057","1"
"Cameroon","1976","Urban","Both Sexes","80 - 84","Census - de jure - complete tabulation","Final figure, complete","1978","3362","1"
"Cameroon","1976","Urban","Both Sexes","85 +","Census - de jure - complete tabulation","Final figure, complete","1978","3873","1"
"Cameroon","1976","Urban","Both Sexes","Unknown","Census - de jure - complete tabulation","Final figure, complete","1978","1480","1"
"Cameroon","1976","Urban","Male","Total","Census - de jure - complete tabulation","Final figure, complete","1978","1039596","1"
"Cameroon","1976","Urban","Male","0","Census - de jure - complete tabulation","Final figure, complete","1978","40286","1"
"Cameroon","1976","Urban","Male","1 - 4","Census - de jure - complete tabulation","Final figure, complete","1978","135425","1"
"Cameroon","1976","Urban","Male","5 - 9","Census - de jure - complete tabulation","Final figure, complete","1978","140317","1"
"Cameroon","1976","Urban","Male","10 - 14","Census - de jure - complete tabulation","Final figure, complete","1978","119620","1"
"Cameroon","1976","Urban","Male","15 - 19","Census - de jure - complete tabulation","Final figure, complete","1978","127489","1"
"Cameroon","1976","Urban","Male","20 - 24","Census - de jure - complete tabulation","Final figure, complete","1978","113115","1"
"Cameroon","1976","Urban","Male","25 - 29","Census - de jure - complete tabulation","Final figure, complete","1978","85770","1"
"Cameroon","1976","Urban","Male","30 - 34","Census - de jure - complete tabulation","Final figure, complete","1978","63598","1"
"Cameroon","1976","Urban","Male","35 - 39","Census - de jure - complete tabulation","Final figure, complete","1978","60173","1"
"Cameroon","1976","Urban","Male","40 - 44","Census - de jure - complete tabulation","Final figure, complete","1978","44766","1"
"Cameroon","1976","Urban","Male","45 - 49","Census - de jure - complete tabulation","Final figure, complete","1978","38669","1"
"Cameroon","1976","Urban","Male","50 - 54","Census - de jure - complete tabulation","Final figure, complete","1978","24710","1"
"Cameroon","1976","Urban","Male","55 - 59","Census - de jure - complete tabulation","Final figure, complete","1978","17762","1"
"Cameroon","1976","Urban","Male","60 - 64","Census - de jure - complete tabulation","Final figure, complete","1978","11557","1"
"Cameroon","1976","Urban","Male","65 - 69","Census - de jure - complete tabulation","Final figure, complete","1978","6145","1"
"Cameroon","1976","Urban","Male","70 - 74","Census - de jure - complete tabulation","Final figure, complete","1978","4002","1"
"Cameroon","1976","Urban","Male","75 - 79","Census - de jure - complete tabulation","Final figure, complete","1978","2259","1"
"Cameroon","1976","Urban","Male","80 - 84","Census - de jure - complete tabulation","Final figure, complete","1978","1317","1"
"Cameroon","1976","Urban","Male","85 +","Census - de jure - complete tabulation","Final figure, complete","1978","1669","1"
"Cameroon","1976","Urban","Male","Unknown","Census - de jure - complete tabulation","Final figure, complete","1978","947","1"
"Cameroon","1976","Urban","Female","Total","Census - de jure - complete tabulation","Final figure, complete","1978","965627","1"
"Cameroon","1976","Urban","Female","0","Census - de jure - complete tabulation","Final figure, complete","1978","39147","1"
"Cameroon","1976","Urban","Female","1 - 4","Census - de jure - complete tabulation","Final figure, complete","1978","133369","1"
"Cameroon","1976","Urban","Female","5 - 9","Census - de jure - complete tabulation","Final figure, complete","1978","140999","1"
"Cameroon","1976","Urban","Female","10 - 14","Census - de jure - complete tabulation","Final figure, complete","1978","109241","1"
"Cameroon","1976","Urban","Female","15 - 19","Census - de jure - complete tabulation","Final figure, complete","1978","115070","1"
"Cameroon","1976","Urban","Female","20 - 24","Census - de jure - complete tabulation","Final figure, complete","1978","99914","1"
"Cameroon","1976","Urban","Female","25 - 29","Census - de jure - complete tabulation","Final figure, complete","1978","77225","1"
"Cameroon","1976","Urban","Female","30 - 34","Census - de jure - complete tabulation","Final figure, complete","1978","60008","1"
"Cameroon","1976","Urban","Female","35 - 39","Census - de jure - complete tabulation","Final figure, complete","1978","57114","1"
"Cameroon","1976","Urban","Female","40 - 44","Census - de jure - complete tabulation","Final figure, complete","1978","38505","1"
"Cameroon","1976","Urban","Female","45 - 49","Census - de jure - complete tabulation","Final figure, complete","1978","30366","1"
"Cameroon","1976","Urban","Female","50 - 54","Census - de jure - complete tabulation","Final figure, complete","1978","20309","1"
"Cameroon","1976","Urban","Female","55 - 59","Census - de jure - complete tabulation","Final figure, complete","1978","14491","1"
"Cameroon","1976","Urban","Female","60 - 64","Census - de jure - complete tabulation","Final figure, complete","1978","10885","1"
"Cameroon","1976","Urban","Female","65 - 69","Census - de jure - complete tabulation","Final figure, complete","1978","6050","1"
"Cameroon","1976","Urban","Female","70 - 74","Census - de jure - complete tabulation","Final figure, complete","1978","5354","1"
"Cameroon","1976","Urban","Female","75 - 79","Census - de jure - complete tabulation","Final figure, complete","1978","2798","1"
"Cameroon","1976","Urban","Female","80 - 84","Census - de jure - complete tabulation","Final figure, complete","1978","2045","1"
"Cameroon","1976","Urban","Female","85 +","Census - de jure - complete tabulation","Final figure, complete","1978","2204","1"
"Cameroon","1976","Urban","Female","Unknown","Census - de jure - complete tabulation","Final figure, complete","1978","533","1"
"Cameroon","1976","Rural","Both Sexes","Total","Census - de jure - complete tabulation","Final figure, complete","1978","5126610","1"
"Cameroon","1976","Rural","Both Sexes","0","Census - de jure - complete tabulation","Final figure, complete","1978","170032","1"
"Cameroon","1976","Rural","Both Sexes","1 - 4","Census - de jure - complete tabulation","Final figure, complete","1978","697542","1"
"Cameroon","1976","Rural","Both Sexes","5 - 9","Census - de jure - complete tabulation","Final figure, complete","1978","794955","1"
"Cameroon","1976","Rural","Both Sexes","10 - 14","Census - de jure - complete tabulation","Final figure, complete","1978","573486","1"
"Cameroon","1976","Rural","Both Sexes","15 - 19","Census - de jure - complete tabulation","Final figure, complete","1978","445332","1"
"Cameroon","1976","Rural","Both Sexes","20 - 24","Census - de jure - complete tabulation","Final figure, complete","1978","337512","1"
"Cameroon","1976","Rural","Both Sexes","25 - 29","Census - de jure - complete tabulation","Final figure, complete","1978","332321","1"
"Cameroon","1976","Rural","Both Sexes","30 - 34","Census - de jure - complete tabulation","Final figure, complete","1978","298308","1"
"Cameroon","1976","Rural","Both Sexes","35 - 39","Census - de jure - complete tabulation","Final figure, complete","1978","299291","1"
"Cameroon","1976","Rural","Both Sexes","40 - 44","Census - de jure - complete tabulation","Final figure, complete","1978","258682","1"
"Cameroon","1976","Rural","Both Sexes","45 - 49","Census - de jure - complete tabulation","Final figure, complete","1978","225680","1"
"Cameroon","1976","Rural","Both Sexes","50 - 54","Census - de jure - complete tabulation","Final figure, complete","1978","191113","1"
"Cameroon","1976","Rural","Both Sexes","55 - 59","Census - de jure - complete tabulation","Final figure, complete","1978","145744","1"
"Cameroon","1976","Rural","Both Sexes","60 - 64","Census - de jure - complete tabulation","Final figure, complete","1978","128353","1"
"Cameroon","1976","Rural","Both Sexes","65 - 69","Census - de jure - complete tabulation","Final figure, complete","1978","70936","1"
"Cameroon","1976","Rural","Both Sexes","70 - 74","Census - de jure - complete tabulation","Final figure, complete","1978","63951","1"
"Cameroon","1976","Rural","Both Sexes","75 - 79","Census - de jure - complete tabulation","Final figure, complete","1978","34252","1"
"Cameroon","1976","Rural","Both Sexes","80 - 84","Census - de jure - complete tabulation","Final figure, complete","1978","26672","1"
"Cameroon","1976","Rural","Both Sexes","85 +","Census - de jure - complete tabulation","Final figure, complete","1978","30172","1"
"Cameroon","1976","Rural","Both Sexes","Unknown","Census - de jure - complete tabulation","Final figure, complete","1978","2276","1"
"Cameroon","1976","Rural","Male","Total","Census - de jure - complete tabulation","Final figure, complete","1978","2451837","1"
"Cameroon","1976","Rural","Male","0","Census - de jure - complete tabulation","Final figure, complete","1978","85063","1"
"Cameroon","1976","Rural","Male","1 - 4","Census - de jure - complete tabulation","Final figure, complete","1978","350207","1"
"Cameroon","1976","Rural","Male","5 - 9","Census - de jure - complete tabulation","Final figure, complete","1978","403189","1"
"Cameroon","1976","Rural","Male","10 - 14","Census - de jure - complete tabulation","Final figure, complete","1978","303549","1"
"Cameroon","1976","Rural","Male","15 - 19","Census - de jure - complete tabulation","Final figure, complete","1978","207835","1"
"Cameroon","1976","Rural","Male","20 - 24","Census - de jure - complete tabulation","Final figure, complete","1978","139712","1"
"Cameroon","1976","Rural","Male","25 - 29","Census - de jure - complete tabulation","Final figure, complete","1978","136664","1"
"Cameroon","1976","Rural","Male","30 - 34","Census - de jure - complete tabulation","Final figure, complete","1978","125413","1"
"Cameroon","1976","Rural","Male","35 - 39","Census - de jure - complete tabulation","Final figure, complete","1978","132474","1"
"Cameroon","1976","Rural","Male","40 - 44","Census - de jure - complete tabulation","Final figure, complete","1978","117415","1"
"Cameroon","1976","Rural","Male","45 - 49","Census - de jure - complete tabulation","Final figure, complete","1978","106985","1"
"Cameroon","1976","Rural","Male","50 - 54","Census - de jure - complete tabulation","Final figure, complete","1978","92285","1"
"Cameroon","1976","Rural","Male","55 - 59","Census - de jure - complete tabulation","Final figure, complete","1978","73023","1"
"Cameroon","1976","Rural","Male","60 - 64","Census - de jure - complete tabulation","Final figure, complete","1978","63989","1"
"Cameroon","1976","Rural","Male","65 - 69","Census - de jure - complete tabulation","Final figure, complete","1978","36147","1"
"Cameroon","1976","Rural","Male","70 - 74","Census - de jure - complete tabulation","Final figure, complete","1978","30945","1"
"Cameroon","1976","Rural","Male","75 - 79","Census - de jure - complete tabulation","Final figure, complete","1978","17231","1"
"Cameroon","1976","Rural","Male","80 - 84","Census - de jure - complete tabulation","Final figure, complete","1978","12963","1"
"Cameroon","1976","Rural","Male","85 +","Census - de jure - complete tabulation","Final figure, complete","1978","15734","1"
"Cameroon","1976","Rural","Male","Unknown","Census - de jure - complete tabulation","Final figure, complete","1978","1014","1"
"Cameroon","1976","Rural","Female","Total","Census - de jure - complete tabulation","Final figure, complete","1978","2674773","1"
"Cameroon","1976","Rural","Female","0","Census - de jure - complete tabulation","Final figure, complete","1978","84969","1"
"Cameroon","1976","Rural","Female","1 - 4","Census - de jure - complete tabulation","Final figure, complete","1978","347335","1"
"Cameroon","1976","Rural","Female","5 - 9","Census - de jure - complete tabulation","Final figure, complete","1978","391766","1"
"Cameroon","1976","Rural","Female","10 - 14","Census - de jure - complete tabulation","Final figure, complete","1978","269937","1"
"Cameroon","1976","Rural","Female","15 - 19","Census - de jure - complete tabulation","Final figure, complete","1978","237497","1"
"Cameroon","1976","Rural","Female","20 - 24","Census - de jure - complete tabulation","Final figure, complete","1978","197800","1"
"Cameroon","1976","Rural","Female","25 - 29","Census - de jure - complete tabulation","Final figure, complete","1978","195657","1"
"Cameroon","1976","Rural","Female","30 - 34","Census - de jure - complete tabulation","Final figure, complete","1978","172895","1"
"Cameroon","1976","Rural","Female","35 - 39","Census - de jure - complete tabulation","Final figure, complete","1978","166817","1"
"Cameroon","1976","Rural","Female","40 - 44","Census - de jure - complete tabulation","Final figure, complete","1978","141267","1"
"Cameroon","1976","Rural","Female","45 - 49","Census - de jure - complete tabulation","Final figure, complete","1978","118695","1"
"Cameroon","1976","Rural","Female","50 - 54","Census - de jure - complete tabulation","Final figure, complete","1978","98828","1"
"Cameroon","1976","Rural","Female","55 - 59","Census - de jure - complete tabulation","Final figure, complete","1978","72721","1"
"Cameroon","1976","Rural","Female","60 - 64","Census - de jure - complete tabulation","Final figure, complete","1978","64364","1"
"Cameroon","1976","Rural","Female","65 - 69","Census - de jure - complete tabulation","Final figure, complete","1978","34789","1"
"Cameroon","1976","Rural","Female","70 - 74","Census - de jure - complete tabulation","Final figure, complete","1978","33006","1"
"Cameroon","1976","Rural","Female","75 - 79","Census - de jure - complete tabulation","Final figure, complete","1978","17021","1"
"Cameroon","1976","Rural","Female","80 - 84","Census - de jure - complete tabulation","Final figure, complete","1978","13709","1"
"Cameroon","1976","Rural","Female","85 +","Census - de jure - complete tabulation","Final figure, complete","1978","14438","1"
"Cameroon","1976","Rural","Female","Unknown","Census - de jure - complete tabulation","Final figure, complete","1978","1262","1"

"footnoteSeqID","Footnote"
"1","Data have not been adjusted for underenumeration, estimated at 7.4151 per cent."
